labels,tweets
pos,Now all @Apple has to do is get swype on the iphone and it will be crack. Iphone that is
pos,@Apple will be adding more carrier support to the iPhone 4S (just announced)
pos,Hilarious @youtube video - guy does a duet with @apple 's Siri. Pretty much sums up the love affair! http://t.co/8ExbnQjY
pos,@RIM you made it too easy for me to switch to @Apple iPhone. See ya!
pos,I just realized that the reason I got into twitter was ios5 thanks @apple
pos,"I'm a current @Blackberry user, little bit disappointed with it! Should I move to @Android or @Apple @iphone"
pos,The 16 strangest things Siri has said so far. I am SOOO glad that @Apple gave Siri a sense of humor! http://t.co/TWAeUDBp via @HappyPlace
pos,Great up close & personal event @Apple tonight in Regent St store!
pos,From which companies do you experience the best customer service aside from @zappos and @apple?
pos,"Just apply for a job at @Apple, hope they call me lol"
pos,RT @JamaicanIdler: Lmao I think @apple is onto something magical! I am DYING!!! haha. Siri suggested where to find whores and where to h ...
pos,Lmao I think @apple is onto something magical! I am DYING!!! haha. Siri suggested where to find whores and where to hide a body lolol
pos,"RT @PhillipRowntree: Just registered as an @apple developer... Here's hoping I can actually do it... Any help, greatly appreciated!"
pos,Wow. Great deals on refurbed #iPad (first gen) models. RT: Apple offers great deals on refurbished 1st-gen iPads http://t.co/ukWOKBGd @Apple
pos,"Just registered as an @apple developer... Here's hoping I can actually do it... Any help, greatly appreciated!"
pos,‰Ω†Â•Ω ! Currently learning Mandarin for my upcoming trip to Hong Kong. I gotta hand it to @Apple iPhones & their uber useful flashcard apps  ÓîñÓîì
pos,"Come to the dark side üì±‚Äú@gretcheneclark: Hey @apple, if you send me a free iPhone, I will publicly and ceremoniously burn my #BlackBerry.‚Äù"
pos,"Hey @apple, if you send me a free iPhone (any version will do), I will publicly and ceremoniously burn my #BlackBerry."
pos,Thank you @apple for Find My Mac - just located and wiped my stolen Air. #smallvictory #thievingbastards
pos,"Thanks to @Apple Covent Garden #GeniusBar for replacing my MacBook keyboard/cracked wristpad during my lunch break today, out of warranty."
pos,iPads Replace Bound Playbooks on Some N.F.L. Teams http://t.co/2UXAWKwf @apple @nytimes
pos,@apple @siri is efffing amazing!!
pos,Amazing new @Apple iOs 5 feature.  http://t.co/jatFVfpM
pos,"RT @TripLingo: We're one of a few ""Featured Education Apps"" on the @Apple **Website** today, sweet! http://t.co/0yWvbe1Z"
pos,"We're one of a few ""Featured Education Apps"" on the @Apple **Website** today, sweet! http://t.co/0yWvbe1Z"
pos,"When you want something done right, you do it yourself... or go to @Apple. AT&T you're useless these days. #yourdaysarenumbered Ô£øÔ£øÔ£ø"
pos,We did an unexpected workshop for the #iPhone4S at @apple yesterday and we got an awesome amount of info #notjustaboutthephone @gamerchik16
pos,---¬ª RT @Apple No question bro. RT @AintEeenTrippin: Should I get dis iPhone or a EVO 3D?
pos,RT @imightbewrong: I'm OVER people bitching about the #iPhone4S... I think it's the smartest phone I've ever had and I'm very happy.   : ...
pos,I'm OVER people bitching about the #iPhone4S... I think it's the smartest phone I've ever had and I'm very happy.   :)  Way to go @Apple!
pos,@Twitter CEO points to @Apple as 'corporate mentor' as @iOS signups triple http://t.co/GCY8iphN
pos,At the bus with my iPhone ;) thxx @apple
pos,"@azee1v1 @apple @umber AppStore is well done, so is iTunes on the mobile devices.  I was talking about desktop app."
pos,NYTimes: Coach Wants to See You. And Bring Your iPad. http://t.co/J2FTiEnG #iPad @apple set red 42 red 42 hut hut @NFL wish I had an #iPad
pos,@apple @jilive @DanielPink: Apple sells 4 million iPhone 4S units in first weekend ... Steve Jobs brilliance lives on for ever! #iphone #RVA
pos,@blackberry is like the #Titanic and it seems everyone is running for the @apple #iPhone life rafts and there won't be enough for everyone!
pos,@bkad5161 than apologize to @apple ;)
pos,@Apple downloads of iOS 5 are proving popular with users  -- http://t.co/NSHLfiUX
pos,Lmfao look at the argument I had with Siri !! @ijustine @apple http://t.co/D4VjL7SI
pos,Incredible: 4 million iPhone 4Ss in 3 days. 135% better than the iPhone 4 http://t.co/1FMJxTMM @apple #iphone4s
pos,Save me from #HP's unwanted OS! Help me buy an #iPhone! I have seen the light! #lol http://t.co/8gUP9Acz #backchannel @apple
pos,Well @apple fixed my #ios5 battery drain problem with a replacement iPhone 4 -- it's working like a champ now
pos,Currently ordering a BRAND NEW MACBOOK PRO!!! Bahhh... my MacBook is 5 years old. I'll miss it. But it's time. cc: @Apple -
pos,you are so blessed. @apple
pos,"#Siri now knows who my dad, mom, brother and girlfriend is.  Thanks @apple"
pos,Well at least the @apple store has amazing call waiting music! #need4s
pos,#sweet... #apple replaced my glass #probono. thank you @apple
pos,Not Bad! @Apple Sells Over 4 Million #IPhones in Debut Weekend - Bloomberg http://t.co/AVSl3ygU - #smartphone #sm RT @VinodRad
pos,"loving new technology from @apple iPhone 4s, mac air and iCloud are unreal #technology"
pos,I'm loving this new IOS5 update :) @apple
pos,Another mention for Apple Store: http://t.co/fiIOApKt - RT @floridamike Once again getting great customer service from the @apple store ...
pos,Time to go get my iPhone 4s.  Looking forward to sticking it to the man by no longer paying for most texts.  Thanks @apple.
pos,hey @apple I hate my computer i need a #mack wanna send me a free one.
pos,Thank you @apple. My new gf(iphone4s) is great!  She does everything!
pos,#iCloud set up was flawless and works like a champ! To the Cloud @Apple
pos,@Wisconsin_Mommy @Apple I'd totally email the company... I always get great service at our @Apple store!
pos,@apple loving the new IOS5 upgrade for the iPhone!
pos,The nice @apple tech support guy fixed my iTouch =D
pos,Once again getting great customer service from the @apple store at millenia mall.
pos,Is it just me or is #iOS5 faster for the iPad? @apple
pos,I love our @apple imac even though I haven't seen my hubby in 3 days now! #geek
pos,making the switch from @Android to @Apple #iphone #iphone4S #smartphone #stevejobs (@ Apple Store) http://t.co/kj6pJvkH
pos,So THANKFUL for the incredible people @apple for going above and beyond and offering to and replacing my  water-damaged Macbook Pro!!! Wow!
pos,New macbook is too sick @apple
pos,Play on ma man. Loving the camera in the #iphone4s. Well done @apple  #fb http://t.co/tmdFqRe1
pos,So yeah... @apple #iOS5 #readinglists have changed my life. #nowicanspendevenmoretimeonmyphone.
pos,@Apple Safari Reader owns the worldwide web
pos,I love @apple service . My case has cracked 3x and I go in and they hand me a case and I walk out
pos,#10twitterpeopleiwouldliketomeet @coollike @TheGadgetShow  @thelittleappkid @Jon4Lakers @BenRubery @Apple @twitter @FXhomeHitFilm  (-2)
pos,Said to have laid out the next 4 years @apple.Jobs last iPhone is 2012 not the iPhone4S. iPhone(4G/5) 2012 is magical! http://t.co/DxxklUBp
pos,"Kind of excited. On my way to my last class right now and then going to the @Apple store, so buy #MacOSC Snow Leopard and Lion :-)"
pos,i used to be with @blackberry over 4-5yrs .. after all the disruptions and lost gigs thx to their service im moving to @apple #iphone
pos,"Apple sells 4 million iPhones in 3 days @apple keep doing what you are doing, because you are doing it well! http://t.co/ZZc6bE0w"
pos,Yessss! I'm lovin the iPhone update especially the slide down bar at top of screen =) good job @Apple.
pos,"4 millions in a weekend, 16 #iPhone4S per second. This is madness?! no, this is @Apple !!!"
pos,.@apple you got me. I'm now invested. MacBook Pro next year. Time to get on selling more of my #android gear
pos,@iancollinsuk @apple I like what you did there...!
pos,I just sent my grandma a post card using my #CardsApp thanks @Apple
pos,"@KostaTsetsekas @apple Putting it in the wash is kind of the equivalent to ""Will it blend?"" Glad to hear it's still alive."
pos,Laundering Ari's iPhone not my finest moment. But after drying in bag of (organic :-) rice for 4 days it booted up!!!!!!!!!!! @apple
pos,"Bravo, @Apple! http://t.co/BgoTzj7K"
pos,"God Bless @YouTube, @apple for  #appletv & our bad ass system. LOVING #PrincessOfChina. GB to @coldplay & @rihanna too :)"
pos,Been off twitter for a few days as I smashed my iPhone but @apple were very nice and gave me a new one :)
pos,Thank you @Apple iOS 5 for email pop up on the lock screen and opening it when unlocking.
pos,One word - #wow. RT @jldavid iPhone 4S First Weekend Sales Top Four Million: http://t.co/Zx5Pw0GT (via @apple)
pos,This good here iPhone will do me VERY well today. Thanks to the gods that are @apple.
pos,RT @MN2NOVA: Love ios5 Easter eggs. Pull down from middle top to bottom and see what pulls down. Awesome little feature! #ios5 @apple
pos,Love ios5 Easter eggs. Pull down from middle top to bottom and see what pulls down. Awesome little feature! #ios5 @apple
pos,Love #ios5 Easter eggs. Pull down from middle top to bottom and see what pulls down. Awesome little feature! @apple #lovemyiphone
pos,Updated my iOS and started using cloud services. Pretty bad ass @apple my #iPhone 3GS still the champ.
pos,"Gone for a run, beautiful morning , man do I love iOS 5 @apple, #iPhone"
pos,@apple your simply the best.
pos,I must admit @apple has made me a very happy camper! I have text tones now! Lol! Ring tone: #MakeMeProud Drakes vers! Text tone: Nicki's
pos,"Day305, I'm thankful for the great customer service received today from @Apple via phone CS, new phone on the way #365daysofgratefulness"
pos,S/O to @apple for replacing my phone for freeÓÄé
pos,Loving the new iPod update @apple
pos,@alexlindsay My wife upgraded her iPhone 4. I think Siri alone is worth the upgrade. Looking forward to @Apple continuing to enhance Siri.
pos,RT @tomkeene Thx @instagram Thx @apple #hypo #D-76 #tri-x http://t.co/BPPJwncp
pos,@SteveJobs being honored tonite @Apple...A truly great loss to the world.He will so be missed
pos,Thx @instagram Thx @apple #hypo #D-76 #tri-x http://t.co/D7EeJHBT
pos,Loving my new #iPhone4S thanks @apple for #ios5
pos,i love this. so much. thank you @apple.  http://t.co/Ui8lOEzX
pos,@apple the iPhone 4s is great #genius
pos,@apple Cards app notifies me the card I sent has arrived at local post office and should be delivered today... Sunday. Truly is #magic.
pos,Love my new I0S5 @Apple updates. Just when I think it can't get any better somehow it simplifies my life more. That's right-it's an Apple.
pos,@apple Siri is amazing
pos,@rygurl you need an @apple iphone4S with Siri!
pos,"Meet #Siri, your new iPhone butler. Click the link and be amazed by all it can do: http://t.co/lvfFdCEL @Apple"
pos,"just my man @apple store in @schaumburg, whoops!!!!üòÅ"
pos,"So, I am using my work PC (NEVER EVER) to get a feel for it; it has the worst speakers ever!! @apple you have spoiled me!! #imamac"
pos,I ‚ô• @Apple http://t.co/a8on3IAa
pos,@apple just got the new iOS5 upgrade with iMessage...good luck surviving now @BlackBerry
pos,Loving #iOS5 !! #awesome @Apple
pos,"RT @MattyRiesz: @kathrynyee You were right, an iPhone is a must have. #addicted {WELCOME TO THE @APPLE CLUB}"
pos,Thank you @apple for your innovations. Exhibit A: Guy playing with Facetime instead of watching game at sports bar. http://t.co/oU7K39ge
pos,@blackberry boo hiss!............@apple wuhu!!!!!!!! When will my berry powered technology actually work??
pos,@apple by far the best iPod and first time iPhone ever.... Good job guys
pos,Thank you Steve @apple store 5th av. http://t.co/nSAisriP
pos,@Apple's Siri is witchcraft.  What's next @googleresearch. 2 yr lead lost?
pos,"@Apple iOS 5 is sweet! Notifications, phone search covers mail now, wifi sync, iCloud backup and integrated Twitter are all well done."
pos,RT @katebetts: Another great James Stewart story in today's NY Times about importance of architecture in @apple retail success http://t. ...
pos,Another great James Stewart story in today's NY Times about importance of architecture in @apple retail success http://t.co/Kniz452s
pos,I &lt;3 @apple http://t.co/ondXWpEr
pos,Welcome to the twitter world @MarkStuver. This is due to #iOS5 and @apple thanks guys.
pos,Impressive service @apple genius bar metro centre. Power cable replaced free n booked in for screen replacement for free :- D
pos,RT @deb_lavoy: the nice guy at the @apple store replaced my phone gratis when I showed him the hairline  crack on the screen. thanks @apple
pos,the nice guy at the @apple store replaced my phone gratis when I showed him the hairline  crack on the screen. thanks @apple
pos,"My iPhone 4S battery lasted longer than a day. That hasn't happened since my edge iPhone. Nice job, @apple."
pos,It would have taken me 15 mins to write this with my #Blackberry. Thank u @Apple 4s for converting me and showing me the grass is greener!
pos,RT @herahussain: @RickySinghPT got a new backside for my eye phone! V impressed with @apple
pos,@RickySinghPT got a new backside for my eye phone! V impressed with @apple
pos,#iPhone 4S in Space http://t.co/jINNHVwz this is amazing #creative @apple your products inspire people to do unbelievable things
pos,Thank you @apple for making my iPad 2 feel like new again with your new iOS 5!
pos,"_ibertaddigital.tv/ iPad a briliant SteveJobs produck ,http://t.co/00ohfLY6 @Apple present... http://t.co/DBbWSDpx"
pos,Using my awsome iPad... I love it. I love my MacBook too and my iPod. It's all amazing! I love @apple
pos,@apple iOS 5 upgrade done ...... Much better feature..... Few more feature required
pos,New iOS 5 update is THE BEST. iloveyou @apple
pos,"Finally got my iPhone 4S, thanks @Apple. Stupid @att. Learned my lesson."
pos,"I absolutely love my iPhone 4S. Thank you, Steve and @apple."
pos,@apple - you have invented a product that actually gets my brother to call my parents when he gets where he's going. Amazing. #siri #ipod4s
pos,"dammit, listening to siri is making me want to upgrade. well played @apple."
pos,"Create new folders from within your photo album in #iOS5, finally!! Thanks @Apple, that's been a thorn in my side for a while. #newfeature"
pos,Video card on @Kimaris workstation died after just six months. So long @hp. Hello @apple.
pos,@Blackberry & @Facebook U R really about to make me throw this @Blackberry in the trash an get an @Apple iPhone! @Facebook upload issues!
pos,#iOS5 update submitted to @apple! Thanks for all the support!
pos,Awesome service from the @apple store in pc. Thanks chris!
pos,RT @To1ne: .@apple thanks for fixing this... http://t.co/wTj1ogDO
pos,I am crazy about #iOS5 . The photo cropping is the best! @apple
pos,.@apple thanks for fixing this... http://t.co/wTj1ogDO
pos,Hell yes!!! Got my contacts back!!  Thanks @apple
pos,RT @SawyerHartman: I FU*KING LOVE YOU @APPLE this phone is the best thing ever !! SIRI = BEST THING EVER MADE
pos,@apple has changed life.
pos,Mad props to the @apple employee that didn't charge me to replace the back plate on my iPhone! Made my day!
pos,"@jonsibley Actually, the @Apple  mouse is pretty sweet man."
pos,The #iphone4s is  amazing. Siri's voice recognition is absolutely a step above previous attempts. Bravo @apple
pos,Finally got the @apple IPhone thanks to @sprint getting with the times
pos,#iOs5 is nice and as it had to be ! Thanks @Apple
pos,Good support fm Kevin @apple #Bellevue store 4 biz customers TY!
pos,Just downloaded IOS 5. It's better than I expected! #thankyou @apple
pos,@Apple: Siri is amazing!!! I'm in love!
pos,Love love love iOS 5!! @apple
pos,"Took me months to decide, but tonight I have chosen #google over Amazon S3 for image storage solution."
pos,RT @spacecanard Today's the Day. ICS &lt;3 #android #google #samsung
pos,"The new Nexus looks good! UI feel a bit confusing but I guess Android users are ok with that! Now, try it :) #Google #android #nexusprime"
pos,Very nice trivia game by #Google. Helps you use their search better http://t.co/ikN087ZE
pos,Very nice trivia game by #Google. Helps you use their search better http://t.co/c5Tu3dZK #fb
pos,Cant build a website. Get a #Google website #Free ! http://t.co/7qUy4uOU
pos,#Android ICS is looking pretty good. Not quite sure if its worth the 4.0 numbering leap. #google
pos,@Tita_Ramos #Google it =)
pos,RT @p1j Android 4.0 Ice Cream Sandwich is Here with a Google Nexus in new Avtar!   http://t.co/MTu7tGx7   #android #google #nexus #BigMAMA
pos,"Me too RT @MohamedG: Exciting day, It's Ice cream Sandwich day ;) #Google #Android"
pos,WOW the new #Google #Nexus is just beautiful. totally gonna boost google's market share in the smart phone market.
pos,"hahaha integrated data usage manager... in sucha brilliant way, sleek design, superb and I'm only watching videos LOL #Google"
pos,I fancy an Ice Cream Sandwich #google #android. Wonder it will works on my HTC Desire?
pos,Google Ice Cream Sandwich - sounds yummy!  What do you think? http://t.co/gMsgXcq8 #google #Android #ice cream sandwich
pos,#Google Me!!!!!!!!
pos,"Exciting day, It's Ice cream Sandwich day ;) #Google #Android"
pos,Android 4.0 Ice Cream Sandwich is Here with a Google Nexus in new Avtar!   http://t.co/mSWX6Eo6   #android #google #nexus #BigMAMA
pos,@Bla1ze I was referring to #Google & #Icecreamsandwich. It looks amazing. What imo android was missing. I ... http://t.co/rE4nLZgI
pos,http://t.co/QV4m1Un9 Forget the phone.. Nice UI. Liking the Scroll Feature #android #google #nexus
pos,Simply Amazing! http://t.co/9qmG3irA #Google #Samsung #Galaxy #Nexus #Prime #Android4 #IceCreamSandwich
pos,#Google has finally unveiled the much awaited #Android OS Ice Cream Sandwich & it sure looks good! http://t.co/sNL38EM1
pos,#google Finally!! All searches for logged in users will be on https! http://t.co/RaUeRrtF
pos,#RIM should really take an in debt look at #Google's strategy... They released the #NDK for #Icecreamsandwich 3 HOURS after release. #ics
pos,RT @vattam: Man! I've fallen in love with Galaxy Nexus! #google #samsung #galaxynexus #android
pos,When in doubt... #Google it!!!
pos,[GReader Share] Five Reasons Why Google is Winning the War in Photosharing  http://t.co/coQCLb9R - #photography #fotografia #google+
pos,"RT @Assim99: Dear #Google, I want the Galaxy Nexus NOW. Please send it to me by email or something - I know you have the technology"
pos,RT @shagorikah: Telegraph reports that the biggest threat to #facebook is its power users have shifted to #twitter or #google+ http://t. ...
pos,Sorry #Apple #Google and #Samsung just made you look bad. #Android is king
pos,Telegraph reports that the biggest threat to #facebook is its power users have shifted to #twitter or #google+ http://t.co/JHdTYKCV
pos,#Facebook power users 'have gone to #Google+ and #Twitter' - Telegraph http://t.co/vwCiOv1f Who are they? #socialmedia
pos,"Not impressed much with the new Android update. But good signs: a readable font, emphasis on design, and less nerdiness. #google"
pos,"Video: #Google wallet, see the wow effect http://t.co/mcW78VtG"
pos,When I'm about to tweet something and I cant remember how to spell I go straight to #Google
pos,"Dear #Google, I want the Galaxy Nexus NOW. Please send it to me by email or something - I know you have the technology"
pos,#GOOGLE #ANDROID 4.0 out ;-) Available with #SAMSUNG nexus!
pos,"Maybe not the most efficient way to browse, but fun: #Google releases an Infinite Digital Bookcase http://t.co/X1qzeX7f by @MeghanKel"
pos,@jowyang it's difficult to pass up #google+ considering the social seo benefits of google+ vs facebook
pos,Ice Cream Sandwich to stop carriers bullying smartphone users #google #android http://t.co/BZNy74Nn
pos,"I agree with @wellis68 that the ""Hangouts"" on #Google+ are friggin' awesome!‚Äù"
pos,http://t.co/Pl4ZeEvH - Ice Cream Sandwich to stop carriers bullying smartphone users #google #android http://t.co/BgKiMGJF
pos,#google #galaxynexus #icecream great
pos,The next #Google #Nexus phone is here!!. http://t.co/edSwoXoC
pos,Google Earth Helps Locate Salmonella Hotspots http://t.co/mcz9RSDf #google
pos,#ThingsWeAllHate that person that acts like they know every fucking thing bitch you not #Google
pos,#samsung galaxy nexus = orbital laser. #apple iphone 4s = wooden stick #google
pos,/want http://t.co/srbm3V0K #Google #Nexus #Samsung #Galaxy
pos,Ice Cream Sandwich u r really delicious Can ditch iPhone for u that's for sure. #Google launches #Android4 aka #IceCreamSandwich :)
pos,#google+ (: lovin it
pos,"""Samsung and Google have closely collaborated to push the mobile experience forward. We are pleased to ... http://t.co/ecT8fYIA #Google+"
pos,RT @RoycinD: FINALLY ! Power + Volume = Screenshot. No more rooting required! #Google #ICS #galaxynexus
pos,I want the new #google #galaxynexus. Android 4.0 is going to be the fucks
pos,#Google #Nexus press conference http://t.co/2WV01o5v #slick
pos,S/O to #google for getting me through high school and college....you are appreciated
pos,iScream u scream v all scream #android #IceCreamSandwich. A job well done by #google and a major game changer in the #mobile #OS space
pos,"@immad_immad #google, always thinking ahead"
pos,@VentureBeat I like the #google virtual bookcase thank you for sharing
pos,"#Google's #IceCreamSandwich was revealed. I'm getting an #Android whenever I get a new phone, but I'm keeping my #iPhone for now."
pos,"#Android #Google Ice Cream Sandwich Feature Closer Look - Roboto Type Face Is ""A Pleasure"" To Read http://t.co/DJsp2G5B #DhilipSiva"
pos,Fantastic work from #Samsung and #Google on the #GalaxyNexus superphone and the new #Android #ICS. Very impressive.
pos,... I think I should work for #MelaleucaTheWellnessCompany ... Probably the best company to work for .. oh and #Google
pos,i love #google
pos,Can't wait for Ice Cream Sandwich. http://t.co/RtDzjq2U #android #google
pos,"i need a hookup, stop teasing me #google http://t.co/07YR58wL i want the new #nexus"
pos,"well.....#google's #icecreamsandwich and new accompanying phone are, as usual, neat, but nothing ground-breaking"
pos,#Android #Google Device Frame Generator Updated For Galaxy Nexus - Your Screenshots Just Got Prettier http://t.co/9bWt2W6z #DhilipSiva
pos,"Mmm... #SmarterPhone RT @Android: Introducing Ice Cream Sandwich, the delicious new version of Android: http://t.co/AXl2K1Gs #ICS #google"
pos,So so excited for all of the new Android features! Awesomeness :) #Android #ICS #Google #GalaxyNexus
pos,#IceCreamSandwich went way and beyond what I expected. Can't wait to get it on my Nexus to play with! #Google
pos,"Check this video out -- Introducing Galaxy Nexus. Simple, beautiful, beyond smart http://t.co/fiTI6ZIA ÈÄèÈÅé @youtube #android #nexus #google"
pos,"Cream on the inside, clean on the outside. Ice Cream phone job. #Google"
pos,#Google+  great for small businesses? I think so. The platform has some really beneficial features. Thoughts? http://t.co/FytcyEG2
pos,RT @Mr_Lister: Loves the new presentations tool for Google Docs - particularly themes and adding video via URL #google #sd33 #edchat #ed ...
pos,brilliant WebGL Bookcase #google http://t.co/CR3A6k9U
pos,#Google's like my wife - searches things for me and completes my sentences.
pos,"#Android 4.0 Ice Cream: Introducing Galaxy Nexus. Simple, beautiful, beyond smart http://t.co/vUWgyx3N #Google"
pos,http://t.co/Izh7KaiU #google #nexus #prime &lt;3 #android
pos,Interesting bookcase..RT @VentureBeat: #Google releases an Infinite Digital Bookcase http://t.co/urxJixCe by @MeghanKel
pos,#google is my bff rite about now!
pos,have to finish faster the only way is to google it!!!! #google :D
pos,Good to see #Google finally turning their focus on user experience. http://t.co/AYhOKgo8 #IceCreamSandwich #Android
pos,"ICS looks awesome, please let me have it on my phone!  #android #google #motorola"
pos,Iphone 4s almost had me ... ALMOST !! Ice Cream Sandwich FTW !! http://t.co/p32Ehduq #android #google
pos,RT @Sarahhhhh112: @_xmas_carroll Yeah I got #skype and #google+ and #twitter so who needs facebook?
pos,There you go - according to http://t.co/4Y8aS4zz #Google+ is builtin to the OS/Nexus line? Smart move :)
pos,"Oh yes, and now - The Android Beam! Alright, I made the right decision to be on Team #Google, Team #Android!"
pos,I just add my profile on the #Google+ WebGL Globe project. Add yours ! http://t.co/UWeYalKb via @AddThis
pos,Thanks Android for admitting you're ugly. New font is a good start! #ics #google
pos,Ice Cream Sandwich's Face Unlock really works! http://t.co/2SjN2BzZ #icecreamsandwich #google #galaxynexus
pos,I'm so ready for Ice Cream Sandwich! #ICS #Nexus #Google #Android #SiriWho? http://t.co/Cjonncvk @GetGlue #Android
pos,Mmmm Ice Cream Sandwich #Android #Google
pos,"Just seen a taste of #Google's ice cream sandwich, now I want a bite"
pos,Probably the best #IceCreamSandwich (yet)! #Samsung and #Google's event live blog by @engadget! Why haven't I switched to #Android again?
pos,RT @YashasJoshi: #android 4.0!!  Ice Cream Sandwich will now make all other smartphone operating systems look outdated.  #Androidbeam Wo ...
pos,"Instant photo sharing and the people app are what's best in Ice Cream Sandwich, IMO. #google #ics"
pos,The new android #Nexus phone makes the #iPhone look like a cheap toy at dollar store! #tcot #android #google #RealEstate @Burkepatch
pos,Sweet Ice Cream Sandwich RT @Pocketlint Google Android 4.0 Ice Cream Sandwich officially detailed #google #ics http://t.co/iUY0DF5S
pos,"""@SamsungMobileCA: Raise your hand if you now want an #Android4 #IceCreamSandwich powered #GALAXYNexus phone! #Google #Samsung""-I do!"
pos,"Siri, which #Android device should I replace my #iPhone with? #Apple vs. #Google"
pos,The new Google Nexus page is live! - http://t.co/zrqoeWxI #nexus #google #android #icecreamsandwich
pos,I'm most excited about Android beam & face detection unlock for Android ICS. #AndroidBeam #Google #IceCreamSandwich
pos,Are you using #Google+ and #Linkedin yet? These are essential tools to get your company and/or you on the FIRST page of Google. Contact...
pos,"RT @SebasCoulombe: Thanks to Samsung and Google, I'm now craving for some Ice Cream Sandwich !  #IceCreamSandwich #Google #Samsung"
pos,"Introducing Galaxy Nexus. Simple, beautiful, beyond smart http://t.co/qaMj3MeR #android #ICS #google #samsung"
pos,So glad #Google adopted a design philosophy for #Android 4.0 a.k.a It shows soooo much! This is the polish I've been waiting for!
pos,Thoughts on Android 4.0 #ICS? Excited to play with the new features. #android #google
pos,Register now for your Galaxy Nexus :) http://t.co/37WkIoXC #Android #Google
pos,Wow! RT @dalmaer: WebGL infinite bookcase UI http://t.co/aijYsfHO #google
pos,#Google + #Samsung = Perfect #Icecream sandwich #GalaxyNexus
pos,"Thanks to Samsung and Google, I'm now craving for some Ice Cream Sandwich !  #IceCreamSandwich #Google #Samsung"
pos,Loved the Google release of Android OS 4.0 Ice Cream Sandwich! #Samsung #Android #Google #IceCreamSandwich #amazing!
pos,"Google ICS looks awesome, can't wait til it gets ported over to my evo, face unlock?! ... #android #google"
pos,"#ICS is Sick, good work #google team"
pos,"I gotta say, Google's got some pretty catchy advertisements for Android and Chrome. #google #android"
pos,@jessecablek I want it too. Now just wondering who will be carrying it in November. Or direct purchase from #google / #samsung
pos,#Google's #Nexus really i wanna it now #Awesome
pos,"Well the event is now over, time to change my pants #Google #Android #Samsung #Jizz"
pos,"I'm an iOs user but the #ICS is awesome, great job #google"
pos,Oh yeah I'm in I want one now #Google really did a great job #ICS
pos,RT @ThatTechGuy92: LITERALLY HAD MY MIND BLOWN AWAY JUST NOW!!!!! #Google #Samsung
pos,"@BrandonMiniman @Jaime_Rivera I'm an iOs user but the #ICS is awesome, great job #google"
pos,#google + #motorola + #verizon = perfect combination! &lt;3
pos,Loved the introduction of the Google Galaxy Nexus & Ice Cream Sandwich. Really looking forward to my new phone #android #ics #nexus #google
pos,"GO, GO, GO Ice Cream Sandwich developers! #Android SDK r14 is LIVE @ http://t.co/OeUrmtLX! #Google"
pos,#android 4.0!!  Ice Cream Sandwich will now make all other smartphone operating systems look outdated.  #Androidbeam Wowww..  #google
pos,Galaxy Nexus = #Google #Android #Samsung - the dream team! :) http://t.co/R5juJSBr
pos,yumyumyum...I want Ice Cream Sandwich... #google #android
pos,Soon. Getting ready for the party. #google #android #icecreamsandwich http://t.co/eZjCzLt6
pos,RT @SamsungMobileCA: Raise your hand if you now want an #Android4 #IceCreamSandwich powered #GALAXYNexus phone! #Google #Samsung
pos,All this talk about about how good #icecreamsandwich looks is making me hungry #google #omnomnomnom
pos,O. M. G. #Google is nuts with #ICS and this new phone!
pos,iPhone users find the nearest trash for your device it's the correct place ! #Android #Apple #Google #iPhone
pos,"#Google / #Samsung #Galaxy #Nexus #ICS press release is now done, I'll go back to my regular tweeting intervals now :) I WANT IT!"
pos,Raise your hand if you now want an #Android4 #IceCreamSandwich powered #GALAXYNexus phone! #Google #Samsung
pos,Ready for some Ice Cream Sandwich! #google #android
pos,"Alright, well #Apple just got its ass kicked in the face by #Google so hard with its new Googles #Nexus phone. It will be brilliant."
pos,LITERALLY HAD MY MIND BLOWN AWAY JUST NOW!!!!! #Google #Samsung
pos,What I think about #AndroidIceCreamSandwich ? Thats the most delicious piece of sandwich ever. Get me it real fast #GOOGLE !
pos,"iphone users i reaaly feel sorry for you after i saw ice-cream sandwich #Android today, #Google #apple #Android #iPhone"
pos,Pretty big deal from #Samsung and #Google def can't wait to get my hands on the #GalaxyNexus and #ICS
pos,I cannot wait for a new #ICS phone!!! #Google #android
pos,RT @eboyee: Dostupan SDK - WOW R.E.S.P.E.C.T. #Google #IceCreamSandwich
pos,Dostupan SDK - WOW R.E.S.P.E.C.T. #Google #IceCreamSandwich
pos,OMG the #Android 4.0 SDK is available NOW @ http://t.co/OeUrmtLX!! #Google
pos,The new #Samsungnexus and 4.0 OS make the #iPhone4s look like an old bag phone. Nice job #Google and #Samsung.
pos,Calling all #marketing executives in #houston - sign up for #google #training - http://t.co/vo542MrZ - I can't wait to be there for the week
pos,"Android Beam - sharing contacts, articles, files, and games, pretty cool #Google #ICS"
pos,"Slick beam capabilities included in Android 4.0. Touch 2 devices together and select ""Beam"" and content is transferred #Google #Android #ICS"
pos,"really digging the #UI of of ""#Quick #Response"" from #Google android great for politely declining calls lol"
pos,goodbye Bump ... #Google #ICS
pos,@WPdesignteam @joebelfiore @windowsphone - You guys just taught #Google #Android how to design a decent phone. So much Metro. Good Job guys!
pos,People App in #ICS looks promising! As usual #Google is good at integrating different apps and make it a total new user experience!
pos,"On a positive note, advanced control of your data usage is a really great idea ;) #google #nexus"
pos,#google #icecreamsandwich totally blowing #Apple iShit away...
pos,I love Ice Cream Sandwich :) #Android #Google #Samsung
pos,#NerdBoner in full effect. Watching #Samsung #Google #NexusPrime #IceCreamSandwich live event! http://t.co/Rk9kPHss
pos,"Great, live contact management, quick contact card, add people directly to.your home screen #Android4.0 #Google"
pos,#Google has done it again ..... #IceCream Sandwich
pos,New contact app builds on a magazine style layout and aggregates contact info from multiple sources. Very slick. #Google #Android #ICS
pos,Nexus Prime looks NICE. #google #android
pos,New Galaxy Nexus: Video looks awesome! #nexus #samsung #google #android bit.ly/nEJbyE
pos,"Infinite Spiral Bookcase for #Google Books looks amazing, interested to see where it is headed: http://t.co/RXWD6sN8"
pos,New Galaxy Nexus: App Improvements -  Inbuilt Panoramic Pictures #nexus #samsung #google #android bit.ly/nEJbyE
pos,"With the new #Google #Android 4.0 Ice-Cream Sandwich, you can take Panorama picture right Out-of-the-Box... SWEET!"
pos,RT @RespectMaSwagg: #ThingsWeAllLove ----&gt;&gt; #Google
pos,Camera app now has Panorama capabilities! #Google #Android #ICS
pos,I want some of these #google toys
pos,Good god the camera app in Icecream Sandwich is amazing.. and that camera is FAST!  #samsung #google #android #galaxyNexus
pos,Better gallery app to be included with Android 4.0 as well. #Google #Android #ICS
pos,#ics shutter speed is insane! Wow! Two thumbs up #google
pos,Android 4.0 FINALLY includes photo editing tools. #Google #Android #ICS
pos,New Galaxy Nexus: OS /Hardware Improvements -  Camera Zero Shutter Lag #nexus #samsung #google #android bit.ly/nEJbyE
pos,Data Usage feature looks amazing and useful! #Google #GalaxyNexus
pos,"Wow, very fast camera on Galaxy Nexus - faster than N9 i think :o #google"
pos,"RT @Mrgareth: ""Top Three 'playing nice' scores were #Google, #Salesforce and #Xero"" in @itnews_au ""Which #Clouds Play Nice"" report: http ..."
pos,"The new camera app along with the ""zero delay"" camera on the Galaxy Nexus is very nice! #Google #Android #ICS"
pos,Unbelievable Data Usage info on Ice Cream Sandwich #icecreamsandwich #googland #google #android #ics
pos,Data usage in ICS.. Looks like I don't need Watchdog 3G Pro anymore.. hah! #Android #ICS #Google
pos,This Data Usage feature looks amazing on ICS. #android #samsung #google #GALAXYNexus
pos,Icecream Sandwich looking good so far. #android #google
pos,@kymbersanden #google my favorite study guide
pos,Ice cream Sandwich looks awesome #Google #ICS.
pos,New Galaxy Nexus: OS Improvements -  Data Usage tools inbuilt #nexus #samsung #google #android bit.ly/nEJbyE
pos,#Google #Android Icecream Sandwich OS for Nexus Prime Released! [LIVE BLOG] | http://t.co/LF03ZKUz #technology #hk
pos,what i love about #GOOGLE it always shows me that am not the only retarded person on this planet when am searching for stupid things :D
pos,RT @SamsungMobileCA: #GALAXYNexus has arrived! #Samsung #Google
pos,New calendar app with pinch to zoom capabilities. Far superior to the current one! #Google #Android #ICS
pos,New Galaxy Nexus: App Improvements - Gmail  offline search of last 30 days  #nexus #samsung #google #android bit.ly/nEJbyE
pos,I love how it syncs your #Chrome bookmarks with your phone! #icecreamsandwich #google
neg,RT @cjwallace03: So apparently @apple put MB cap on your SMS with the new update. 25mb storage before it tells you your inbox is full. W ...
neg,"RT @Jewelz2611 @mashable @apple, iphones r 2 expensive. Most went w/ htc/galaxy. No customer loyalty w/phone comp.."
neg,"@mashable @apple, iphones r 2 expensive. Most went w/ htc/galaxy. No customer loyalty w/phone comp.."
neg,THiS IS WHAT WiLL KiLL APPLE http://t.co/72Jw4z5c RiP @APPLE
neg,@apple why my tunes no go on my iPhone? iPhone lonely without them. silly #iOS5
neg,@apple needs to hurry up and release #iTunesMatch
neg,Why is  #Siri always down @apple
neg,I just need to exchange a cord at the apple store why do I have to wait for a genius? @apple
neg,"@apple AirDrop #fail - Immediate ""declined your request."" every time"
neg,good article about why @apple fucked it all up with lion and their future. http://t.co/zNDP9Vr6 #fb
neg,RT @radlerc: Yellowgate? Some iPhone 4S Users Complain of Yellow Tint to Screen http://t.co/uaqrxTNk @apple @iphone4s
neg,Yellowgate? Some iPhone 4S Users Complain of Yellow Tint to Screen http://t.co/uaqrxTNk @apple @iphone4s
neg,The one #iphone feature still missing since @apple first showed it.. Contacts pictures on the contacts list! Simple yet 5 major updates miss
neg,Asked siri is she dreams of electric sleep. Was disappointed that she didn't have a snippy answer.  Missed opportunity @apple
neg,"@paulens It surprises me that @Apple throws up an error alert about authorizing, and there's no ""Authorize this computer"" button."
neg,@Lisa_Marie1987 shhhh. the evil sith lords @apple may hear you ha!
neg,FUCK YOU @apple DIE IN A FUCKING BLAZE INFERNO.
neg,"Oh, @apple. Steve obviously had nothing to do with iPhoto, as it's the perfect opposite of 'insanely great'. Get it fixed, please."
neg,OMG @apple WHY THE FUCK DID YOU DELETE ALL MY MUSIC YOU DICKS
neg,@ryanbaldwin @apple So in iTunes I go Store -&gt; Authorise‚Ä¶ why doesn't it just auto-authorise it when I sign into iTunes? Grrrr...
neg,"Seriously - I have absolutely no offing clue what @Apple means by ""authorization"", nor how to do it."
neg,"Boy, could @apple make it any harder to put my purchased music from the cloud on to my new macbook pro? ""You must authorize this computer‚Ä¶"""
neg,"shit, shit, shit. IOS5 update ate all my apps, data and media just like @apple said it would. This is going to take some time to rebuild."
neg,. @apple & @AT&T u cannot tell me there isn't at least 1 64GB iPhone 4S in LA or Vegas!! Give me a fucking break!!!!
neg,Love @apple downloads. 4 hours and i-pad now wonky! #ripstevejobs #thenonsensepersists #neednewipadguide #fatfuckingchance
neg,Dear @apple My new Air is now a notbook since your update killed #wifi #bug #destroying #productivity
neg,"I am so done with @Att and @apple 's profitering and lack of customer service, so fucking down with both!!!"
neg,It would be great If @Apple would send my new phone. #frustrated
neg,@apple thank you for ruining my 3GS with #iOS5. You've just turned my phone into an utterly useless pile of shit.
neg,@rogerweir no but I have the option of a  replacement iPhone 4s ? Not sure if I want one after having 2 duff iPhones. @O2 @iphone4s @apple
neg,So apparently @apple put MB cap on your SMS with the new update. 25mb storage before it tells you your inbox is full. What is this 2001?
neg,"You know @apple It's been almost a week since I paid for iTunes Match, I would really like to use it. Any ETA on a fix?"
neg,removing all @apple shit.
neg,So @PhoenixSwinger 's iPhone 4 is giving her a hella hard time w/ the iOS5 update @apple
neg,What??? I that sucks hello @apple RT @PhoneDog_Aaron Interesting note - DROID RAZR's battery isn't removable.
neg,@Apple can't send me an iPhone preordered 1hr after launching but they cans send 5 or 10 to all the jackasses who want to shoot or blend 'em
neg,Gotta say the @Apple itouch iphone shuffle etc.. sound quality is AWFUL.. painfully crap. Its been a downgrade from @Sony sound quality wise
neg,"@bisquiat @Apple the upgrade just slows down my phone so much, it's stuck half the time. uch. thankfully no other damage. sucks for you :("
neg,@Mayati I think @Apple didn't do such a thorough job with the step x steps for upgrade and move to iCloud. Now it's cost me mightily.
neg,Hey @apple now I have iOS5 my iPhone doesn't include songs that are on compilation albums under the artist's name. #whaddupwitdat
neg,@NickTheFNicon He can send but not rcve txts so he has an apt @apple at 4pm.Then he exclaims: And I waited a whole YEAR for this phone!!LMAO
neg,Total chaos at @apple store regent street. Like an Ethiopian feeding station. Can't believe this is same co. that makes all that cool shit.
neg,"@FishMama: If you made a purchase, just wait for the @apple survey! hate going b/c of the bad #custserv"
neg,Correction: @ Best Buy kudos to Chris @ Alamo Ranch S.A. TX-fixed issues couldn't resolve after 1/2 day w/ @ATT & @Apple. Hero of my day!
neg,"@phxguy88 @Apple @BGR That's why all the ppl who stand in line for hrs to get the ""newest"" model are suckers..."
neg,Would it kill @apple to put a braille type bump on their earbuds so we know which bud is R and L in the dark.
neg,@APPLE Wow @MOTOROLA Just crushed your dreams....
neg,"RT @phxguy88: Oh, just fuck you, @apple. Already?? ---&gt;  iPhone 5 on schedule for summer launch? http://t.co/Ofh9PTaG via @BGR"
neg,"Oh, just fuck you, @apple. Already?? ---&gt;  iPhone 5 on schedule for summer launch? http://t.co/Ofh9PTaG via @BGR"
neg,"@apple, No, I won't wait until thursday for an available appointment just so a 'genius' can tell me I'm shit out of luck. #now"
neg,WTF?!?! @apple the new iOS 5 doesn't allow you NOT to get push notifications from newstand? and SIRI just keeps yapping FUCK!
neg,"@Apple, on the #iPad with #iOS5, why has the Messages Icon been included when it can't be used?"
neg,@Steelo254 yea! I pre-order through @apple and they sorry too just like #AT&T
neg,Interesting... @apple now requires you to have a reservation ?         #apple #iphone #4S    :  http://t.co/zZK4fTii
neg,@apple why is my iPhone battery so crappy #fail
neg,My @Apple @macbook keyboard will not type :(
neg,"Why doesn't @apple iCloud sync Stickies? They've always been around, just nothing every progressed w/ them!! Why apple why?  @gruber"
neg,"@apple, your new ""Save a Version"" function in Pages is absolutely the most awful, interrupting, counter-intuitive piece of crap in the world"
neg,I hate my @apple computer.  Thats 3500 dollars down the drain.
neg,@apple my iPhone is charging very slowly!!!!!
neg,"@Apple #iOS5 gm on ipad1 is very slow wash better on beta7/8 solve this problem, or give me the ipad2"
neg,"@apple Wish I could pick month, day, and YEAR when setting a new calendar item on my iPhone. Why hasn't the new iOS fixed this yet?!"
neg,"@Apple iTunes is the worst program ever. For such a great phone, you make some awful software."
neg,One would think the voice recognition on the @apple tech support line would work a little better.
neg,"@apple $319 to repair my iPad 2, Apple you've lost me and my $700 a year, Android here I come!"
neg,"@azee1v1 @apple @umber Proper consolidation, proper syncing, stop losing my PURCHASED items, checkboxes that do what you think they will do."
neg,@AsimRang @apple @umber the desktop app is wack though
neg,I made a reservation and yet I still have to wait in line. Humpt! Oh @apple (@ Apple Store w/ 2 others) http://t.co/JZmVBdNm
neg,Frustrated that I bought a new macbook pro from @apple only to find it doesnt ship with media! #expensivepaperweight
neg,Dear @apple. I had to turn off all those awesome featured you just enabled. Data plan can't handle it. 200 mb of data just because #
neg,#DontBeMadAtMeBecause #Android is by far better than @Apple
neg,@apple is there a problem with iOS 5 that is preventing audio apps and audio functions from operating properly? I keep losing sound.
neg,@apple #apple One thing I hater about this #mouse the #buttery finish so fast am not #happy now #macworld @macworld http://t.co/5Uh4a4Vt
neg,Hey @Apple: stop sending your automatically-depreciate-all-iPhones-older-than-the-4s signal. My #iPhone4 is dying rapidly processor-wise.
neg,Only thing bad about the new @canon camera is that it has two compact flash cards... not one of SD. SD goes in my @apple computer. Damn you!
neg,Wtf @apple 64 pages for the new terms & conditions when u update ur apps from the iTunes store. Do u really think we'll read em? Really???
neg,fuck u @apple
neg,oh and prolly ganna be late to work bc @apple has screwed me and my phone has my only alarm on it
neg,why the fuck dose my phone decide its just ganna freeze every time i try to update it so fucking sick of @apple
neg,. if u need me just text me o wait u i wont get it cuz @apple fucks me every time #fuckingpissed
neg,"iMessage doesn't show the time a message was sent, annoying @apple"
neg,Like @apple da fuck is this shit?  http://t.co/nb4DHlSg
neg,RT @CircusTK: I'm wit chu!! ‚Äú@ShayDiddy: Officially boycotting @ups!!! Calling @apple to curse them out next for using them wasting my t ...
neg,Damn it @Apple!! Whatchu done to my phone??
neg,Samsung seeks iPhone 4S ban in Japan and Australia Patent war intensifies with injunction sought against @Apple http://t.co/QmwjTvnk
neg,"@apple, why is it every time there is iOS software update my iPad goes dead and I need to totally restore? #fail"
neg,@apple #iOS.5 has been nothing but a pain in the ass no room for my music.. Or photos.. Or apps! Can I undo this garbage??
neg,RT @RedDeerSteph: @Joelplane @apple I hear you! I've had trouble with my 3 & now 4. I've even turned down brightness. #andshuttingdownru ...
neg,@Joelplane @apple I hear you! I've had trouble with my 3 & now 4. I've even turned down brightness. #andshuttingdownrunningprograms #nohelp
neg,@albertmal88 remember @apple is evil. #icloud entering the #dropbox market
neg,9% now on my second full charge of the day. Pissed @Apple
neg,RT @ShayDiddy: @CircusTK @ups @apple both of them are bs!!! How do u tell me go between a certain time ONLY and the muh fuh is closed!
neg,I'm wit chu!! ‚Äú@ShayDiddy: Officially boycotting @ups!!! Calling @apple to curse them out next for using them wasting my time!‚Äù
neg,"ugh! @apple, you‚Äôre reservation page for the iPhone is NOT working."
neg,iTunes is @apple's worst product. Worse than the #Newton or the hockey puck mouse. It's utterly painful to use.
neg,"De√°r iCloud I HATE U , AND I HOPE YOU DIE , YOU ARE THE WORST FUCKING INVENTION IN THE WORLD , FUCK YOUUUUUUUUUUUU #iCloud @apple @stevejobs"
neg,i update to ios 5 and lose everything on my phone and it wont let me sign into my itunes account... thanks @Apple
neg,Suddenly lost all address book on @3GS iPhone. And someone was using my @Apple ID. It all fucked up.
neg,oh.. my iphone is overcapacity huh?! -____-  @Apple won't let me be great!!!
neg,Issues with updating iTunes on my windows pc - they really are not compatible.... Sent more time talking to @Apple care than using it!!
neg,@apple u guys are gay
neg,"Restored my iPhone. STILL NO TEXTS. DEAR @APPLE Y NO LOVE, Y RESTRICTIONS ON MY SMS?  Y NO TEXTS.... #iOS5 #iOS5atemydingo"
neg,none of my apps work after the new ios from @apple. what do i do?!?
neg,"Seemingly endless loop of calls to @apple, @ups, @verizonwireless to investigate my missing #iphone4s. #crankywithnophone"
neg,@Wisconsin_Mommy @apple that's terrible!  I hope you get an apology!
neg,@zombiebomber have been on the phone with @verizonwireless and @apple pretty much ever since then. Really annoyed.
neg,"@chascouponmom @apple I get they are busy w/ the new phone, but I just wanted to buy a stylus. they made me wait forever outside & never"
neg,"@apple @iphone Please deliver my daughter's i4s, she is driving me nuts #iphone"
neg,"I'm givin' this stupid @apple reserve system 2days‚Ä¶ If I cant get reservation, I'll never buy any Apple products‚Ä¶ (yup I hate contracts)"
neg,"@sprint @bestbuy still no word on my iPhone4s preorder.  Best Buy blames Sprint, Sprint blames @apple, I just want an honest answer.  #help"
neg,"Hey @apple, the SMS full message is complete shit. Yes, I'm annoyed."
neg,Have never had such poor customer service at @Apple before! What happened? (@ Apple Store w/ 2 others) http://t.co/GKlXMUi6
neg,"@Apple your service experience is really fucking slipping (except for cute, eyelash batting girlies). (@ Apple Store) http://t.co/dOHDEnMg"
neg,Had ma Ipas not 24 hours an I jailbroke it...now its SHAGGED itunes won't letme restore it @apple SYM!!!!
neg,@hailfire101 @Irvysan They are... then @apple happened and snatched Siri so they could be douchebags and say 'it's ours!'
neg,What was @apple thinking making #Siri totally dependent on a network connection? Siri + @ATT = utter frustration.
neg,Wow the Genius Bar Reservation Line @Apple is ridic right now - ___- I am not amused. #ugh
neg,Where is my iPhone!?!?!?! @apple
neg,@apple battery life suck on iOS 5
neg,An apple update has seemed to render my work machine incapable of opening HDV video. Thanks @Apple. Zero useful productivity today.
neg,@apple I committed to your cloud storage iDisk and now it's raining :-( so soon no more iDisk.  Any plans for a new service for storage?
neg,Hey @apple why can't I share a reminder list from my iPhone? Also why can't I login to the iCloud webpage to modify sharing from my phone?
neg,Apparently fuzzball crashes on #iOS5. Congratulations @apple on another incompatible upgrade
neg,could @apple lion please integrate vertical spaces in mission control. this horizontal business is making me nauseous
neg,Can someone plz explain to me whhyy @apple is only distributing 2-3 phones per day to the sprint stores. I'm really ... http://t.co/uf9taK8f
neg,"GAH. @apple iOS 5 opens text messages painfully slow, on top of 3 restore attempts 2 succeed. Early adopterness gets better of me."
neg,Dear @apple: Why did all my PDFs and ePub files disappear from ibooks in my iPhone post ios5 upgrade? This hurts. #3GS #needsomethingtoread
neg,‚Äú@CBM: Lies @apple. the battery on this new iPhone4S is definitely not any better.‚Äù &lt;&lt; check Settings: 8 times more App usage in iOS 5
neg,As a huge podcast fan - I really feel like @Apple dropped the ball on this one. http://t.co/wvzPrbCI via @Carrypad
neg,I don't really like Siri's voice. Perhaps @apple can get Star Wars voices just like @garmin http://t.co/pSUJg9pN
neg,"‚Äú@carlton858: I really hate dealing with the brain dead people at the @apple store. For such good products, customer service sucks.‚Äù in NZ?"
neg,"I really hate dealing with the brain dead people at the @apple store. For such good products, customer service sucks."
neg,"You can make photo albums in the Photos app with iOS 5, but can't password protect them? Um... @apple, fix that. Quickly."
neg,Anyone else seeing missing signal bars on their #iPhone 3GS with an upgrade to #iOS5? cc/ @applecanada @apple @forstall
neg,RT @CBM: Lies @apple. the battery on this new iPhone4S is definitely not any better.
neg,"@apple If you want to know what customers think dont send updates with the ""noreply"" return address. Who invented that anyway. #useless"
neg,"Every time I try the voice control on my iPod Touch to send an iMessage, it starts playing ""Who Knew"" by Pink.  Still not Flawless @Apple"
neg,should be studying/ doing work but no I'm hold with @apple HURRY THE FUCK UP! #nopatience
neg,Ok Hindi keyboard in #iOS5 is something to cheer about.  But @apple  what about  support for 20+ missing Indian languages!? #FAIL
neg,"RT @ScottDugas: Warning: if iphone apps spontaneously loose data, it might not be the app's fault - http://t.co/1SEsvWwm #ios5downgrade  ..."
neg,@betweensundays Ah! Yeah...should be an option...hopefully @apple figures that out. Thx
neg,"""Waiting for items to copy"" in Itunes after everything DID copy goes on, and on, and on.  Come on @Apple, what the hell?"
neg,@Apple unhappy again with service/product quality. Won't buy @Apple again.
neg,Lies @apple. the battery on this new iPhone4S is definitely not any better.
neg,"‚Äú@philipgrey: dear @apple, why you gotta go change the way &lt;input type=""number""&gt; is handled out of the blue?‚Äù"
neg,"Been on hold with @apple customer service for 25 minutes. Wow, lt's like they're #timewarnercable."
neg,anyone else stuck in duped calendar/mail/battery sucking @apple hell? #iCloud and #OSX Lion are a disappointment
neg,For being the inventor of the computer mouse ‚Äî Why is it that @Apple has never made one that is not a complete piece of fucking shit?!!?
neg,"@Apple you're killing me. Excited about iOS5 no longer- tragic battery drain, genius bar wants to replace the battery. Really?"
neg,1st impressions  of #iOS5- Disappointed w upgrade restore. Lot of apps & folders missing @apple do  how much time went in2 orging it? #fail
neg,@PrJusto Don't question the @Apple they will remember your dissent!
neg,"@apple: Multiple times siri is ""having trouble connecting to the network.""  Siri needs servers (and some exercise!)"
neg,So my iMessage still isn't working! @apple
neg,RT @JimMcNiel: if @apple does not resolve the #Siri network issues they will need to rename a great product to Sorri - Who else is havin ...
neg,"dear @apple, why you gotta go change the way &lt;input type=""number""&gt; is handled out of the blue?"
neg,Ugh. WTF is up with all the bottlenecks @paypal @apple?
neg,+1  RT @Doug_Newton: @apple PLEASE FIX #Siri!!!! She can't connect to your network!!!!!!!
neg,@apple PLEASE FIX #Siri!!!! She can't connect to your network!!!!!!!
neg,if @apple does not resolve the #Siri network issues they will need to rename a great product to Sorri - Who else is having issues?
neg,any chance @apple will release good headphones that dont blast music outside the ears? #iphone #ipod its quite obnoxious
neg,"@Apple - #Siri is not working due to ""network problem""? Seriously? Can you fix this? #iPhone4s #Fail"
neg,"@trisha_ps @iCloud is Cloudy. @apple tech, not very techy."
neg,"@electricsoup It has to connect to @Apple to process commands, which it is failing to do right now"
neg,"See @Apple, that what's happen when you release iPhone 4S with same crappy design as the old phone!"
neg,This. RT @bonkoif Looks like @Apple did not appropriately project the resources needed for Siri. Not very reliable
neg,Looks like @Apple did not appropriately project the resources needed for Siri. Not very reliable
neg,"Spoke to an @Apple rep on phone & could hear her tv blaring in the bg.  She said, ""I can't actually help u, just direct u back to the web"""
neg,What's wrong with Siri today @apple
neg,@Apple Siri is down!
neg,I'm suspecting @Apple timed the health-decline of my iPhone 4 perfectly with the iPhone 4s release... My battery is seriously ailing.
neg,on hold for another half hour. phone is ringing but no one is picking up.@apple you stink.
neg,Ok this @Apple software update for the #iphone is taking waaaaay too long! #annoyed
neg,@Apple would do better to inform customers properly about migrating to #iCloud - many complaints lead to #image damage http://t.co/QL7zmPpO
neg,@apple does iOS 5 rape your battery life? or am I just using my phone a lot since getting it
neg,@jane73 @Gazmaz hopefully it's a small bug @Apple must be fixing it. RIGHT  APPLE }:0(  #itjustworks
neg,"@samsung, @apple, you do realise you're just really pissing off the customer base AS WELL AS looking petty."
neg,@Apple - why do I have to have apps I am updating in their original 'folder' location? That was painful.
neg,@apple domain fail. Open 2 hrs late for walk in ppl. Store was empty and i only need a skin 4 my screen. You represent customer service FAIL
neg,@BrianMincey @apple the chipsets tear through battery life. Coworker has a htc thunderbolt that he gets about 3 hours of life.
neg,I wish the Apple updater would stop trying to ram iTunes down my throat. I don't own a pissing iPhone @apple
neg,Is it me or does my #iPhone run slower since the #iOS 5 update? @apple @Verizon
neg,Just searching with my voice on my 2 year old nexus one @apple.
neg,"@apple, your update server has been timing out for a week. i had to force a restore w/the new #iOS5 software. lost all my stuff. thanks!"
neg,#appleupdates 2 success stories- iPhone & iPad 2. Now been on phone to Apple 45 mins. iPad 1 WILL not. Wasting my time  @apple #Replaceit!
neg,"Thanks to a 90 minute wait on hold, half an hour actually talking to someone, the @Apple tech decides to send me an email to fix my phone"
neg,I am very upset about and inconvenienced by this iphone update failed backup. @iphone @apple
neg,but seriously @apple finance me a damn phone you greedy bastards! OR Santa...get your jolly ass in gear and get us a 4S - white plz
neg,My schedule is 2 busy 2 spend UNquality time with @ATT @Apple 2 recover Iphone again-The mo' mobile I get the mo' immobile I is. Sync Not!
neg,"Pondering the iOS update... From the sounds of @MikeFerri's difficulties, I may just hold off :/ @Apple, FIX IT!"
neg,@twalve @apple you know the issues they have with DST and alarms :p
neg,Why book @Apple Genius Bar if after 2.5 hours you still can't be served. Disappointing Apple Store Sydney. #thanksfornothing
neg,Apparently @Apple genius training doesn't extend to clocks & service. They're half an hour late for my appointment and couldn't let me know?
neg,Thanks @apple for an OS update that has only succesfully bricked my iPod.
neg,"screw you @apple iOS 5. I can't download this crap, and I'm tired of trying. Get this problem figured out about my connection timing out"
neg,Wow. iCloud's mail is down. 1st the iOS 5 upgrade issues and now this. I really hope this isn't @apple without Steve Jobs.
neg,@apple  why don't you guys test your upgrades before you put them out. 15 1/2 hrs u guys wasted of my time yesterday. Thanks.
neg,what is going on with all my @Apple products?! First my #iPad freezes (still is frozen) and then my #iPhone won't turn on!!! #techieTroubles
neg,#iPad in perpetual restore loop after trying to upgrade to #iOS5 :( @apple sux without steve
neg,2nd @apple genius apptment running late 2nd day in row for 2nd dodgy iPod . You make mega $$$ hire some staff.
neg,It took @apple about 7 years just to figure out how to properly syncronize an iPhone.  WOW!  #ios5
neg,@apple So I went to the 5th Ave store and was told I could wait about 4 hours to get a 4S. Needless to say I'm back at the hotel relaxing.
neg,"Overall I am a fan of the iPhone 4S; however, my Siri has issues connecting to the network @Apple"
neg,Terrible customer service at Los Gatos @Apple! Why do I have to pay $199 for a bad home button on my iPhone?!?
neg,@Apple thank you for sucking so much. I cannot believe you would sell something online that isn't made
neg,Having major battery drain issue since updating iPhone 4 to iOS 5.  Anyone else? @AppStore @iPhone @apple
neg,Dear @apple please send me my Mac Book back surely the repair is done by now... Thanks!
neg,"@Apple, #iOS5 on iPhone2 causes Camera apperature dilation problems & freeze."
neg,"@Apple, #iOS5 #geolocation Suburbs with 2 words drops Map Pins in other States! Please fix."
neg,"Sorry @apple, but #iMessage will never be what #BBM is. Disappointed."
neg,Iphone 4s siri doesn't work for shit @apple
neg,"Clarence Thomas must have designed the new OSX lion, tossing decades of workflow standards, @apple bring back ‚Äúsave as‚Äù! #autoSaveSucks"
neg,"@semilshah yeah except that when you ask for a receipt, it takes them 30 minutes to figure out where it printed out. Fix that, @Apple!"
neg,"RT @JDougyJ: hey @apple do you wanna fix my fucking playlist order, you piece of shit"
neg,Bummer!  My @Yahoo! iPad fantasy football app keeps crashing; not sure if it's the app or the new @apple iOS 5. Only two apps running.
neg,@Apple can suck my dick gotta restore my ipad #annoyed
neg,The line at the @apple is just STUPID
neg,"@nansen Man, that sux! @apple io5 upgrade a total #fail for you!"
neg,"Dear @Apple Contacts, you are terrible. I just cleaned duplicates for 3 hours and they magically reappeared. Fix it."
neg,"Is it too much to ask which app is incompatible, @apple? http://t.co/yKqip7nk"
neg,Pissed with whoever designs keyboards with @apple for not having a home and end key.  working on the CLI i use those keys often
neg,@NoVaTyler @apple Most of mine are gone too! Not recovered after I saved them b4 I upgraded my iPhone! Soooo pissed!
neg,"hey @apple do you wanna fix my fucking playlist order, you piece of shit"
neg,Siri is having a hard time remembering who my sister is. contact card needs space for family info. #iPhone4S @apple
neg,"#ios5 getting sloppy @apple. U need to check your QA team. Too many issues with apps, data and syncing"
neg,RT @nansen: so this SMS full message is known @apple issue with new iOS5 update. trying restore. When all else #fail - restore.
neg,So glad that I paid $69 for this @apple care protection plan.  Been on hold for over 20 minutes now.  Great customer service. #NOT
neg,not happy with @apple right now. the upgrade to my itouch4 took out my itouch and laptop. #help
neg,All I can say about @Apple right now is #GoodRiddance ‚Äî See? Cancer isn't ALL BAD!
neg,@twitter can you look at problem on iPad where it won't open @ messages. It just crashes the app. You too @apple maybe your fault.
neg,@apple What's the point of iCloud wireless updates when ios5 now forces me to use the computer to charge my ipod touch now? #worstupdateever
neg,"@robert_terpstra no worries bud, ps: they're saying that the 4s is having a lot of network issues right now. (I'm @apple for mac problems)"
neg,"I hate you @apple for not sending Toledo,oh @bestbuy any @iPhone for @verizon even after I pre ordered!!!"
neg,"@pmphillips @apple If my non-Apple equipment broke this often, I guess I'd need an Asus genius bar. But it doesn't, so I don't :-)"
neg,Why is the new @apple iPhone OS duplicating all my iCal events? There's 2 of everything. How do I fix it? (tried turning iCloud off)
neg,"Dear @Apple, how convenient/handy/thoughtful/smart that after iPhone #ios5 update you're apps won't work anymore! (none!!!) :( #gr%\mbl^.%)"
neg,Hey @Apple...I know Steve Jobs died & all but my Twitter for iPad app keeps crashing...Fix it...NOW..please..lol -F.Light
neg,@apple not happy with Apple today. I did the suggested software update and now nothing works!!!
neg,Smashed yet another #iPhone screen. When are @apple gonna make the phone more durable!!! Tired of fixing it myself!!!
neg,"IOS5 has one problem, when i save someone in my contacts they don't show his nam becuz of the region/ +965 @apple #apple"
neg,I sure as hell better be able to restore my calendar events. Terrible bug apple! @apple #icloud #anothericloudfail
neg,I really hate that @apple won't let you hide the Newsstand app or move it into a folder. It serves no purpose for me.
neg,Life was much easier when @apple and @BlackBerry were just fruits!
neg,@apple No location reminders on ipad2! That was the point of updating to iOS 5
neg,"Comparing @Office #live with @google #apps and @apple #iCloud , I do not see #iCloud leading the crowd. Do you agree ?"
neg,"Turns out my computer isn't as fixed as it is meant to be. Fuck you @Apple, I'm going back to your Genius Bar to complain. #annoyed"
neg,"If @apple doesn't fix iOS5 this week, I'm buying a droid #emptythreats"
neg,@apple pls launch #Siri on iphone4 .. Disappointed after spending hours for upgrading to iOS5..
neg,@apple you can suck it you and your fucking iPhones better be glad it's all I like cause the service Is fucking terrible
neg,"This is the first time I've been unhappy with any @apple product... Disappointed, and the Internet seems as confused as I am right now."
neg,"After a week or so with @Apple's #iOS5 I'm considering going back to #jailbroken 4.2 - same features as 5, plus more. Not as stable, though."
neg,Had issues with #Siri reaching network today. Too many uses or my signal? @apple
neg,The new iOS5 completely failed at upgrading the phone. Now I'm stuck in this restore loop. Thanks @apple for wasting my day. Can i undo?
neg,Is it me or does #iPhone4s run a little warm sometimes? @apple
neg,"@apple WTF why can we not add the newsstand to a folder?! We are already in your walled garden, so please don't remind us of it."
neg,@apple just now seeing none of my Microsoft Office programs work anymore after Lion upgrade. Why??
neg,"Dear @Apple, I don't want the newsstand icon on my screen. #notcool"
neg,@Blackberry does take better quality photos than @Apple iPhone though. I give them that! #photograhersEye
neg,Ok @iTunesMusic idk wth is up but after syncing my phone my album art is out of order! WTF @Apple!
neg,I wish Siri could tweet for me . @apple fix that .
neg,@apple I'm still waiting for you to deliver my phone to @sprint
neg,I will never purchase another @Apple product for the rest of my life. I am glad Steve Jobs is fucking dead. MAY YOU FUCKING ROT IN HELL!!!!!
neg,Thanks to @Apple my new iMac is a brick. I cannot re-install Lion and I cannot purchase it because it was installed by the former owner.
neg,"Asked #Siri ""Where's Baby Lisa?"" and was told ""sorry, I'm having trouble connecting to the network right now."" @apple server fail. #ios5"
neg,Only thing #iOS.5 has done is deleted my tiger woods game and made impossible to retrieve. Thanks @Apple!
neg,Damn you @apple for breaking wififofum! It continued to work in ios 4. Was one of my most used apps. Damn Apple's overbearing policies!
neg,"yo, @apple, this update is a disaster"
neg,"Dear @Apple,Congratulations, I am suing my insurance company and you just managed to make it to the top of my shit list. #Ineedthosepictures"
neg,Dear @Apple: You must let me turn off iCloud to save bandwidth and NOT delete EVERY document on my iPad. That's BULLSHIT!
neg,"RT @JoelBurns: Dear @Apple, it's me again. Thank for beautiful new iOS features. But I miss some of the old ones. Lk making calls & texts &gt;("
neg,By far the worst experience upgrading out of any version of iOS @apple #iOS5
neg,What happened? RT @xCuntNuggetx: Never purchasing another item from @apple.
neg,Never purchasing another item from @apple.
neg,"RT @leiboaz: Wow, worst @apple customer service experience ever. Arrogant and inept. Bad combo, Biltmore Apple store."
neg,"Wow, worst @apple customer service experience ever. Arrogant and inept. Bad combo, Biltmore Apple store."
neg,"Hey guys at @Apple, WTF is happening to #iPhone4, with #iOS5 suddenly fade to black and begin to vibrate continuously, I had to reboot it"
neg,@hbogo @apple - why don't you play nice and let me use HDMI from iPad?  Pretty lame.
neg,"Warning: if iphone apps spontaneously loose data, it might not be the app's fault - http://t.co/1SEsvWwm #ios5downgrade @apple @marcoarment"
neg,"RT @JoelBurns: Dear @Apple, it's me again. Thanks for beautiful new iOS features. But I miss some of the old ones. Like making calls & t ..."
neg,"‚Ä¶and only the first 23 images in my Photo Roll made it over? Seriously, @apple, how did you fuck this up so much?"
neg,@apple why does #iPhone4 plus #iOS5 equal half the battery life?
neg,@apple why isn't my iTunes updating? I just wanna update my iPhone to IOS5!!! Then iTunes says that it needs to update to do it. Then fails!
neg,Now @apple won't let me use credit on @iTunes unless I have a credit card. Should have told me when I redeemed the cards. Sound fair to you?
neg,"@amandbrar @apple Siri has worked for me less than 10% of the time. If service doesn't improve by Monday, I'm returning my iPhone 4S."
neg,"@azrael: RT @DavideGori: And again #MobileMe is down. Issues when syncing, accessing mail... is this a good premise for #iCloud? @Apple, ..."
neg,need @apple help!! installing new ios on #iphone4 and am stuck on the Find My iPhone screen :( i keep clicking next but it doesn't work
neg,"Bummer that @Apple #iCloud syncs on Windows only w/ Outlook (not Thunderbird) & IE (not Firefox, Chrome). #sadmac"
neg,@RonakKataria @apple you heard of testing before deploying updates. Difference between microsoft & apple: None
neg,"Disappointing visual merchandising, @apple. Simple, but lacks elegance. And sequence doesn't even tell us about #Siri. http://t.co/XV2q3gfi"
neg,has been on terminal hold with @apple support!  She must not be the only person having trouble with the new iphone and synching!
neg,@apple thanks apple for ios 5 and losing all my contacts!
neg,@apple give me my apps back!!!
neg,"@Apple #iOS5 NONSTOP DROPPED CALLS&MUTE BUTTON RANDOMLY ACTIVATING&PERSON CANT HEAR ME, PULL PHONE FROM EAR TO BE ON A ""MOBILE ME"" SCREEN"
neg,RT @tomcolontonio: Didn't it occur to @apple #apple that ppl share iTunes accounts amongst family's ????? Wtf!!!!
neg,@tomcolontonio @apple #EPICFAIL
neg,90 minutes after being at 100% my iPhone 4 (post #ios5 upgrade) has lost 40% of its charge and the @apple store folks are out of ideas.
neg,"So ""cutting the cord"" makes podcasts even harder to manage?!? No subscriptions! WTH, @Apple? http://t.co/LD2i871x #iOS5 (via @carrypad)"
neg,"remember when people used to say ""flat the fuck out!!"" lol.. and their face while saying.... kindahow i feel about @apple"
neg,In less than an hour my post- #iOS5 iPhone has gone from 100% to 73% battery charge and the @apple store folks have no solution for me :(
neg,Well @apple seems 2b screwing #iphone 4s resellars. They still dont have 4s. Yet were promised. Similar 2 Ma Bell's monopolistic prctices?
neg,"Also @EricGreenspan, don't forget @Apple stop closing the app store after each bloody purchase..."
neg,*sigh* @apple store seems stumped what to do about my catastrophically bad battery life after upgrading to #ios5
neg,Hmmmm a lot of #Siri features don't work in Canada. Location and directions? Seriously @apple come on!
neg,"@apple, #siri can't connect to the network -- it's LESS useful that VoiceControl now... :("
neg,@apple took my Siri and made it exclusive to iPhone 4S  #SoRude
neg,total time on the phone with @apple: 1 hour 27 minutes. let's see how this goes.
neg,"Waited in line for nothing, fucking genius @Apple called an app for ""John"" not ""jean"" stop fucking up my name im not a French boy. #PCam ..."
neg,"Dear @apple, One day you're going to release a version of iTunes that doesn't freeze more often than it works. One day."
neg,It's been 24hrs since I reported @ups theft of my iPhone and @apple has done nothing. No return call as promised. Nothing.
neg,"This does not bode well. After charging all night, my @Apple iPhone 4S has 25% battery after only 3hr off charger with no calls & light use"
neg,Houston we have a problem!! My iPad has been restoring for 12+ hours after installing @apple IOS5. This can't be right....
neg,#Siri went down for a little while last night. Come on @apple! Get your shit together on this launch!
neg,@ford should have teamed up with @Apple instead of @microsoft to make this SYNC system in my new focus.  Car is sweet SYNC is #EpicFail
neg,Installed io5 - fine on ipad but wiped wife's iPhone and restore from backup failed! #Bigtrouble #help @apple
neg,"RT @gdcurry: Really @Apple?  What have you done to my iTunes now?  I can't click on Music, Movies, TV Shows, or any playlists. I get a l ..."
neg,DAMN YOU !!! @apple
neg,There are too many #google services that do not work when you are a #googleapps user. #googleplus above all + profiles + #plusone
neg,Starting to doubt #google android policy: no released android sources since 2.3.3! Curious for an opensource project to say the least...
neg,Youtube video views are still not updating properly. #google #youtube #fail
neg,Did #Google really just highlight a new font #Roboto as part of their #ICS announcement for #Android...?! Seriously.
neg,RT @businessuplift: Why #facebook and #google have got it wrong http://t.co/PDbF7H3f
neg,#google+ is really confusing..
neg,"is mulling #google+ but hmmm, just aint shore bout nuther social media profile."
neg,ATHEN's review of #Google Docs #accessibility shows a lot of work needs to be done. http://t.co/rad9WdSw #a11y HT @chadleaman
neg,Gonna dump one of my gmail accounts. not only do I get tons of spam I get tons of false positives. Not cool. #Google
neg,The awkward moment when google #chrome take a hell of a lot time to load #googleplus #google
neg,"#Google #Cloud Service Blackouts Threaten Cloud Users: During a 30-day period in August and September, for ... http://t.co/G0ElVRVJ #TCN"
neg,Why Google+ Has Uphill Battle Vs. Facebook: Sean Parker http://t.co/L8RSX1Yf #google
neg,RT @LCmediaHouse: 4chan's Chris Poole: #Facebook & #Google Are Doing It Wrong http://t.co/ZIxfa91N | via @RWW #socialmedia
neg,Lecture Notes in Financial Economics pdf ebook:  http://t.co/7gJQvEwN #google
neg,I hate tron theme #Google #ICS
neg,"Now, really #google how hypocritical is this? http://t.co/6nHuYFeh #analytics"
neg,"Codename or not, awesome or not, I have a hard time taking ANYTHING called 'Ice Cream Sandwich' seriously. #google #android #sticky #melts"
neg,RT @IAmDkT: The only letdown of the Samsung Galaxy Nexus phone is the 5.0 MP Camera. #ICS #Samsung #SamsungGalaxyNexus #SGN #Android #Google
neg,"#Google introduce new Android tablet called 'Ice Cream Sandwich'? I'm a #Singaporean, and I'm (very) confused."
neg,"#ICS introduces Facial recognition to unlock phone, however - the demo didn't go as planned.http://engt.co/q2KeC7 #Google Goof up! #Android"
neg,"Ice cream sandwich, really #google?"
neg,@kursed #Google is terrible at presentations. Hated the terrible camera interference from the huge screen behind the speakers. #headache
neg,just watched the #GalaxyNexus announcement by #Google and #Samsung.. The only thing keeping me from buying? It's only on #Verizon. #FAIL
neg,@MrTonySays I tried to #Google the word #Visigoth and apparently  #Google didn't know either cause my  phone froze.
neg,RT @SHlFT: dear #google & #samsung... learn some presentation 101 first. please.
neg,The only letdown of the Samsung Galaxy Nexus phone is the 5.0 MP Camera. #ICS #Samsung #SamsungGalaxyNexus #SGN #Android #Google
neg,"#Google, I've blocked your global IP network from all my sites. J/K.  Stop being evil."
neg,"BOO to no GoogleMusic news, US carrier news, or price points. #google #ICS #android"
neg,"From it's laughable file: #google will #encrypt #search results BUT only if U have ""logged in"" so they can maximize their #data #collection!"
neg,@adiman_ #google #fail
neg,+1 RT @SHlFT: dear #google & #samsung... learn some presentation 101 first. please.
neg,dear #google & #samsung... learn some presentation 101 first. please.
neg,+1 RT @tah_med: the background is SO horrible for this stream #Samsung #Google #NexusPrime they should've seen what #Adobe did at #AdobeMAX
neg,WHERE THE HECK IS THE @ANDROID SOURCE CODE ?? WTF #GOOGLE
neg,Not greatly impressed with #Google and #Samsung presentation skills.
